<?xml version="1.0" encoding="UTF-8" standalone="no"?><PlayerDatabase><Player jogosGanhos="0" jogosJogados="0" jogosPerdidos="0" password="Teste1" playerName="Teste1"><Nacionalidade/><Idade/><Fotografia/></Player><Player jogosGanhos="0" jogosJogados="0" jogosPerdidos="0" password="Teste2" playerName="Teste2"><Nacionalidade/><Idade/><Fotografia/></Player><Player jogosGanhos="0" jogosJogados="0" jogosPerdidos="0" password="Teste10" playerName="Teste10"><Nacionalidade/><Idade/><Fotografia/></Player><Player jogosGanhos="0" jogosJogados="0" jogosPerdidos="0" password="Teste3" playerName="Teste3"><Nacionalidade/><Idade/><Fotografia/></Player></PlayerDatabase>